{"cameraMode":{"drawMode":0,"name":"Shaded","section":"Shading Mode"},"sceneLighting":true,"audioPlay":false,"sceneViewState":{"showFog":true,"showMaterialUpdate":false,"showSkybox":true,"showFlares":true,"showImageEffects":true,"showParticleSystems":true},"in2DMode":false,"pivot":{"x":-1.8529002666473389,"y":1.300318956375122,"z":-4.790448188781738},"rotation":{"x":-0.2100381702184677,"y":-0.6387755870819092,"z":0.18735580146312715,"w":-0.7160757780075073},"size":1.7804440259933472,"orthographic":false}