{"cameraMode":{"drawMode":0,"name":"Shaded","section":"Shading Mode"},"sceneLighting":false,"audioPlay":false,"sceneViewState":{"showFog":true,"showMaterialUpdate":false,"showSkybox":false,"showFlares":true,"showImageEffects":true,"showParticleSystems":true},"in2DMode":false,"pivot":{"x":1.9274976253509522,"y":1.8453190326690674,"z":1.2112209796905518},"rotation":{"x":0.09843295067548752,"y":0.34892338514328005,"z":-0.0368814580142498,"w":0.9312403202056885},"size":1.7804440259933472,"orthographic":false}