{"cameraMode":{"drawMode":0,"name":"Shaded","section":"Shading Mode"},"sceneLighting":false,"audioPlay":false,"sceneViewState":{"showFog":true,"showMaterialUpdate":false,"showSkybox":false,"showFlares":true,"showImageEffects":true,"showParticleSystems":true},"in2DMode":false,"pivot":{"x":1.9274976253509522,"y":1.8278608322143555,"z":1.1881418228149415},"rotation":{"x":0.011831524781882763,"y":0.9642885327339172,"z":-0.04372212663292885,"w":0.2609666883945465},"size":1.758216381072998,"orthographic":false}