{"cameraMode":{"drawMode":0,"name":"Shaded","section":"Shading Mode"},"sceneLighting":false,"audioPlay":false,"sceneViewState":{"showFog":true,"showMaterialUpdate":false,"showSkybox":false,"showFlares":true,"showImageEffects":true,"showParticleSystems":true},"in2DMode":false,"pivot":{"x":1.8892996311187745,"y":2.200000047683716,"z":-2.890822410583496},"rotation":{"x":-0.12441615760326386,"y":0.033328764140605929,"z":-0.004181498661637306,"w":-0.9916664361953735},"size":10.0,"orthographic":false}