{"cameraMode":{"drawMode":0,"name":"Shaded","section":"Shading Mode"},"sceneLighting":false,"audioPlay":false,"sceneViewState":{"showFog":true,"showMaterialUpdate":false,"showSkybox":false,"showFlares":true,"showImageEffects":true,"showParticleSystems":true},"in2DMode":false,"pivot":{"x":0.3522326648235321,"y":-0.20192217826843263,"z":0.03631019592285156},"rotation":{"x":0.0001248368644155562,"y":0.9992839694023132,"z":-0.03780091926455498,"w":0.00329764187335968},"size":10.0,"orthographic":false}