{"cameraMode":{"drawMode":0,"name":"Shaded","section":"Shading Mode"},"sceneLighting":false,"audioPlay":false,"sceneViewState":{"showFog":true,"showMaterialUpdate":false,"showSkybox":false,"showFlares":true,"showImageEffects":true,"showParticleSystems":true},"in2DMode":false,"pivot":{"x":0.022197991609573365,"y":11.17531967163086,"z":0.8420431613922119},"rotation":{"x":0.011831524781882763,"y":0.9642885327339172,"z":-0.04372212663292885,"w":0.2609666883945465},"size":1.7804439067840577,"orthographic":false}